Name,Location,Skills,Experience,Education and Training,Past Job Summary,Job Match
John Smith,"New York City, USA","Business Development, Strategic Planning, Relationship Management, Sales Forecasting, Contract Negotiation, Performance Analysis, Multilingual Communication, CRM, ML Algorithms, Coding, Agile/Scrum Methodologies, Cloud Infrastructure (AWS, GCP)",11 years,"Master's in Business, Bachelors in Computer Science ","Senior Business Development Manager
Vertex Solutions, Remote
2021 - Present

Spearheaded a market expansion strategy, resulting in a 40% increase in market share by harnessing AI-driven analytics for enhanced ad performance.
Initiated and established multi-channel advertising campaigns, leading to a 25% growth in the customer base within a single fiscal year.
Fostered strategic industry partnerships, boosting network connections by 30% and customer engagement by 35%.
Implemented a rebranding initiative that improved product market positioning, achieving a 20% rise in adoption by top-tier clients.
Business Development Manager - Media Technologies
Vivid Dynamics, Ottawa
2018 - 2021

Drove a 50% increase in adoption rates of media graphics systems through the execution of an aggressive customer outreach strategy.
Secured influential partnerships to increase brand visibility by 45%, enhancing the company's influence in the North and South American markets.
Coordinated with product and marketing teams to execute high-profile product demos, leading to a 30% boost in sales of strategic product lines.
Surpassed annual sales targets by a margin of 15% through strategic business initiatives and team leadership.
Business Development Manager - Tech Solutions
InnovaTech Inc., New York
2015 - 2018

Led the successful launch of three major cloud services, propelling a 150% revenue surge for the business unit.
Orchestrated interdisciplinary team efforts, accelerating product life cycles and market introduction timelines by 20%.
Developed strategies for customer retention and upselling, enhancing customer lifetime value by 50%.
Instituted product improvement feedback systems, achieving a high customer satisfaction rate of 95%.
Business Development Associate - Global Markets
FuturEdge Technologies, San Francisco
2013 - 2015

Targeted and established a presence in key high-growth international markets, resulting in a 25% uptick in overall global revenue.
Developed comprehensive market entry strategies that enhanced brand recognition by 40% in identified emerging markets.
Directed market analysis operations, leading to a strategic presence in two emerging markets and a subsequent 30% increase in new customer acquisition.
Launched sales force training initiatives on global market trends, increasing overall sales efficiency by 35%.",
Emily Johnson,"Los Angeles, USA","
SQL, Python, Data Visualization, Machine Learning, Statistics, Agile Methodology, Cloud Computing (AWS), Big Data Technologies, Data Piprocessing, Communication Skills, Project Management, JavaScript, DevOps Practices, Software Testing, Problem-Solving",9 years,"Bachelor of Technology in Information Technology (Expected), Certifications in Agile Methodologies (Scrum)","Senior Data Scientist at Innovative Analytics Inc. (2019 - 2024)

Spearheaded a cross-departmental initiative to integrate AI-driven predictive analysis.
Developed and launched an algorithmic trading system, enhancing real-time decision-making.
Resulted in a 45% reduction in risk exposure and a 30% increase in investment returns.
Data Scientist at FinTech Dynamics (2016 - 2019)

Led the research and development of a fraud detection system using anomaly detection techniques.
Implemented a real-time alerting mechanism for suspicious activities across client accounts.
Contributed to a 50% decrease in fraud cases and a 90% improvement in detection speed.
Junior Data Scientist at Health Insights Corp. (2015 - 2016)

Designed and automated a health outcome analysis process for clinical trial data.
Coordinated with biostatisticians to refine predictive models for patient outcomes.
Enhanced data accuracy by 40% and reduced the analysis timeframe by 60%.
Data Analyst Intern at Retail Solutions Group (2014 - 2015)

Analyzed customer purchasing patterns to tailor the inventory stocking algorithm.
Actioned insights from data to optimize product placement and pricing strategies.
Increased quarterly sales by 20% and customer retention by 10%.",
Ricky Gervais,"Toronto, Canada","Strategic account management, consultative selling, negotiation, customer relationship management (CRM), communication, presentation, data analysis, pipeline management, sales forecasting, cross-functional collaboration, adaptability",9 years,"Bachelor of Commerce, Specialization in Sales and Marketing","2015-2017: Junior Sales Associate, TechGiant Inc.

Expanded client base by forging 50+ new relationships within tech industries, enhancing market presence.
Co-led a digital marketing campaign that boosted lead generation by 40%.
Initiated a cross-departmental workflow optimization that reduced sales cycle time by 30%.
Recognized as 'Top New Sales Talent' in 2016.
2017-2019: Sales Executive, Innovatech Solutions

Drove a product pivot strategy that responded to market trends, increasing product adoption by 50%.
Mentored a team of junior sales associates, resulting in a 15% increase in their overall sales performance.
Piloted a customer feedback program that informed key product improvements.
Authored a white paper on emerging industry trends, positioning the company as a thought leader.
2019-2021: Senior Sales Executive, SoftwareCorp

Championed a SaaS solution suite to Fortune 500 companies, growing annual contracts by 200%.
Collaborated with product development to tailor solutions, resulting in a bespoke product line that captured a new market segment.
Curated and led a successful webinar series for product education, with 1,000+ attendees per session.
Awarded 'Sales Excellence' for achieving the highest annual quota in the company's history.
2021-2024: Lead Account Manager, GlobalTech Services

Directed an international sales team across three continents, harmonizing global sales strategies.
Forged a partnership with a key industry influencer, boosting brand visibility and credibility.
Leveraged advanced analytics to refine sales forecasting, achieving a 98% accuracy rate.
Instituted a competitive analysis feedback loop, enhancing the company’s agility in response to market shifts.",
Lily Chen,"Calgary, Alberta","responsive web design, visual communication, user-centered design principles, information architecture, usability testing, design software proficiency (Sketch, Figma, Adobe XD), HTML/CSS basics, teamwork and collaboration, project management, attention to detail, creative and innovative thinking.",7 years,Bachelor's of Science in User Experience Design,"UX Design Consultant at EcoStartups, Remote (2023-2024)

Advanced the user experience strategy for sustainable technology platforms, attracting significant angel investment.
Orchestrated the design process and user testing for a breakthrough renewable energy app, culminating in a 45% user base growth.
Championed inclusive design initiatives, resulting in the adoption of EcoStartups’ products by underserved communities.
Conducted workshops on sustainable design, contributing to an industry-wide shift towards environmentally friendly digital products.
Senior UX Designer at HealthWare, Calgary, AB (2021-2023)

Headed the UX team in reimagining the digital health experience, leading to a partnership with a major health insurance provider.
Integrated patient feedback mechanisms, leading to actionable insights and a 20% decrease in support tickets.
Piloted a mentorship program that cultivated a forward-thinking design team, recognized for innovation in health tech solutions.
Spearheaded the development of an AI-driven UX framework, reducing time-to-market for new features by 25%.
UX Designer at FinTech Solutions, Vancouver, BC (2018-2021)

Drove UX initiatives for a suite of investment apps, resulting in a user base increase of 50% year over year.
Implemented personalized UX features based on user behavior analytics, which led to a 35% increase in daily active users.
Collaborated with cross-functional teams to refine UX across digital channels, streamlining the customer journey.
Authored a white paper on the impact of UX in FinTech, which was featured in a leading industry conference.
Junior UX Designer at InnovateTech, Toronto, ON (2017-2018)

Contributed to the UX design of a pioneering smart home device, which won the ‘Innovation of the Year’ award.
Analyzed user interaction data to recommend design enhancements, leading to a 10% reduction in user errors.
Supported the creation of an immersive onboarding experience for a flagship product, achieving a 90% user adoption rate.
Engaged in rapid prototyping for an experimental product line, resulting in two patents filed for interface innovation.",
Arthur Reynolds,"San Francisco, CA","JavaScript, HTML5, CSS3, React.js, Node.js, Express, MongoDB, SQL, Git, RESTful APIs, Agile methodologies, Unit testing, Responsive design, Cloud services (AWS/GCP/Azure), Continuous Integration/Continuous Deployment (CI/CD)",6 years,Bachelor of Science in Computer Science or Software Engineering,"2022-2024: Senior Full Stack Developer at InnovateTech, San Francisco, CA

Spearheaded the development of a scalable e-commerce platform, enhancing user experience and increasing sales conversions by 30%.
Integrated advanced analytics tools to track user behavior, leading to data-driven improvements in product placement and marketing strategies.
Led a cross-functional team of 10 in developing a multi-tier architecture, ensuring robust back-end performance and seamless front-end experiences.
Mentored junior developers, improving team proficiency in new JavaScript frameworks, and contributing to a 20% decrease in development cycle time.
2020-2022: Full Stack Developer at WebSolutions Plus, Toronto, ON, Canada

Developed custom CRM solutions, improving client sales tracking and customer engagement by 25%.
Automated the CI/CD pipeline, reducing deployment times by 40% and increasing release frequency.
Contributed to open-source projects, significantly enhancing the company's reputation in the developer community.
Implemented responsive design principles, leading to a 50% increase in mobile user retention.
2018-2020: Junior Full Stack Developer at Creative Concepts, Austin, TX

Participated in the end-to-end development of a content management system used by over 100 local businesses.
Improved application security by integrating OAuth authentication, reducing unauthorized access incidents by 90%.
Optimized database queries, which resulted in a 60% increase in application speed.
Assisted in developing a user feedback module that led to a 15% improvement in customer satisfaction.
2017-2018: Intern at TechStart, Denver, CO

Supported the development of a task management application, resulting in a 10% productivity increase in team operations.
Learned and applied unit testing techniques, contributing to a 30% reduction in post-deployment bugs.
Collaborated with UI/UX designers to refine application interfaces, which was well-received in user acceptance testing.
Engaged in weekly coding workshops, rapidly increasing proficiency in the latest web technologies.",
Ray Kroc,"Oak Park, Illinois","Advanced AI and machine learning algorithm development, strategic leadership and team management, Agile methodology and project management, technical recruiting and talent development, SaaS product development and management, cross-functional collaboration and communication, data analytics and interpretation, innovation and product roadmapping, programming proficiency in multiple languages (e.g., Python, R, Java), system architecture and design",10 years,Master’s degree in Computer Engineering,"Director of Engineering, AI
XYZ Corp, San Francisco, CA — January 2022 - Present

Spearheaded the strategic development and deployment of AI initiatives, contributing to a 40% efficiency increase in product development cycles.
Recruited and led a multi-disciplinary AI team of 30+ members, including data scientists, ML engineers, and AI engineers, driving forward innovative solutions and industry-leading practices.
Collaborated closely with the CTO and VP of Engineering to integrate AI technologies into the existing product suite, enhancing the company's competitive edge in the market.
Established and cultivated a culture of excellence and inclusion, aligning with corporate values and significantly improving team engagement and retention rates.
AI Team Lead
Innovatech Solutions, Toronto, ON — August 2018 - December 2021

Managed a dynamic team of 15 engineers in the design and implementation of machine learning algorithms, improving predictive analytics capabilities by 25%.
Oversaw the development of a major AI-powered analytics platform, leading to a breakthrough in customer data interpretation and a 30% growth in user engagement.
Pioneered the integration of Agile methodologies within the AI team, enhancing project management and cross-functional communication.
Mentored junior engineers and team members, promoting professional development and fostering a collaborative work environment.
Senior Machine Learning Engineer
TechFrontiers, Inc., Vancouver, BC — April 2016 - July 2018

Designed and developed scalable machine learning models that served as the backbone for three flagship products, resulting in a revenue increase of 20%.
Acted as the project lead for a cross-functional team of 10 in a company-wide initiative to optimize data processing, achieving a 35% improvement in operational efficiencies.
Contributed to strategic planning and execution of the AI roadmap, aligning with long-term business goals and technological advancements.
Initiated a quarterly workshop series on AI trends and best practices, enhancing team capabilities and knowledge sharing.
Machine Learning Engineer
DataDriven, Inc., Montreal, QC — June 2014 - March 2016

Implemented advanced machine learning algorithms that reduced the time-to-market for new product features by 15%.
Led the successful execution of a critical predictive maintenance tool for IoT devices which became a new revenue stream for the company.
Collaborated with product management teams to identify opportunities for AI-driven enhancements to existing software products.
Championed diversity and inclusion by participating in the establishment of the company’s first Employee Resource Group for aspiring AI professionals.","Director, Artificial Intelligence 796"
Jean Baptiste,"Montreal, QC","Bilingual proficiency in English and French, exceptional customer service, team leadership and mentorship, decision-making in fast-paced environments, problem-solving orientation, attention to detail, interpersonal and relationship-building abilities, organizational and prioritization skills, empathy and compassion in customer interactions, adaptability and flexibility",11 years,Bachelor of Commerce,"Team Lead, Customer Engagement
FinTech Solutions, Montreal, QC — June 2020 - Present

Supervised a multilingual customer support team, with a focus on mentorship and achieving individual and team targets.
Championed a culture of excellence and customer satisfaction, leading by example to resolve complex customer inquiries and issues via phone and email.
Implemented continuous process improvements, regularly updating the team on best practices and new tools to enhance customer interactions.
Encouraged open communication and continuous learning, ensuring all team members were adept at handling key business changes.
Customer Service Supervisor (Bilingual)
Banking Direct, Toronto, ON — January 2018 - May 2020

Led a team of bilingual customer service representatives, fostering a supportive environment that valued proactive problem solving and high-quality customer engagement.
Oversaw the operational efficiency of the customer service center, including performance metrics and training initiatives.
Served as the customer's voice to internal teams, providing feedback to improve products and the overall customer journey.
Played a key role in the team's shift towards a more dynamic, customer-centric approach, significantly improving customer service metrics.
Senior Customer Experience Specialist
Global Connect, Ottawa, ON — July 2015 - December 2017

Provided exceptional bilingual customer support in a fast-paced contact center, handling inquiries and issues with professionalism and empathy.
Recognized for outstanding problem-solving abilities and for cultivating a strong teamwork ethos among colleagues.
Developed a set of best practices for customer engagement that was adopted across the company to enhance service quality.
Participated in a cross-functional project to refine the company’s CRM tool, which increased the efficiency of issue resolution.
Customer Engagement Representative (Bilingual)
ServicePro, Winnipeg, MB — September 2013 - June 2015

Delivered bilingual customer support, adeptly managing conversations in both English and French and maintaining high satisfaction ratings.
Recognized for exceptional organizational skills and the ability to prioritize tasks effectively in a dynamic environment.
Received accolades for compassionate and resourceful handling of customer issues, setting a benchmark for empathy and clear communication.
Actively engaged in personal development initiatives, continuously seeking to expand knowledge and skills within the customer experience domain.",Campus Coordintaor
Gary Oldman,"San Francisco, CA","Data modeling and schema design, SQL and NoSQL expertise, data migration and optimization, metadata management, data governance and policy development, performance testing and troubleshooting, big data technologies (e.g., Hadoop, Spark), database management systems (e.g., PostgreSQL, MongoDB, Cassandra), data visualization tools proficiency, analytical and problem-solving skills",16 years,Bachelor of Science in Computer Science ,"Senior Data Architect
InnovateTech Solutions, San Francisco, CA — June 2018 - Present

Led the design and implementation of conceptual and logical data models for various applications and a data warehouse, significantly improving data consistency and accessibility.
Spearheaded data migration projects, optimizing database systems and ensuring seamless transition with minimal downtime.
Established and enforced data governance policies and standards, enhancing data integrity and accuracy across the organization.
Collaborated with the Data Science and Revenue Operation teams to anticipate future data requirements and adapt architecture accordingly.
Data Engineer
DataDriven Inc., New York, NY — March 2014 - May 2018

Developed and maintained a comprehensive data dictionary and metadata management strategy, facilitating efficient data querying and analysis.
Implemented robust data mining and segmentation techniques, enabling targeted marketing campaigns and personalized customer experiences.
Played a key role in the adoption of big data technologies like Hadoop and Spark, enhancing the company's data processing capabilities.
Contributed to the optimization of SQL and NoSQL database systems, ensuring high performance and scalability.
Database Administrator
TechSolutions Corp., Austin, TX — July 2010 - February 2014

Managed and optimized PostgreSQL and MongoDB databases, ensuring high availability and security of critical business data.
Conducted regular system performance tests and troubleshooting, maintaining optimal database operation and minimizing downtime.
Collaborated with cross-functional teams to gather and analyze product requirements, translating them into effective database solutions.
Provided operational support to downstream business units, ensuring smooth data access and reporting.
Junior Data Analyst
EduTech Innovations, Boston, MA — September 2008 - June 2010

Assisted in the development of data models and analytics for a Learning Management System (LMS), contributing to the platform's data-driven approach.
Supported data visualization projects, creating insightful reports and dashboards for internal stakeholders.
Gained familiarity with cloud platforms such as AWS and Azure, laying the groundwork for future advancements in data architecture.",Data Architect
John Wick,"Toronto, Canada","Advanced machine learning model development, data analysis and statistics, Python and R programming, SQL and NoSQL database management, Keras and TensorFlow expertise, data visualization using Looker, Tableau, or Power BI, cross-functional collaboration, quantitative research and analysis, cloud computing environments (Azure, AWS)",14 years,"PhD in Data Science, Masters in Data Science, Bachelor's in Computer Science","Senior Data Scientist
ConcreteTech Solutions, Toronto, ON — July 2018 - Present

Led the development and implementation of machine learning models to optimize concrete performance, resulting in a 20% increase in material efficiency.
Utilized Python, Keras, and TensorFlow to build predictive models for various construction projects, enhancing decision-making processes.
Conducted exploratory data analysis and statistical modeling to identify trends and insights, improving project outcomes.
Collaborated with cross-functional teams to integrate data-driven solutions into product development, ensuring alignment with customer success objectives.
Data Scientist
BuildAnalytics Inc., Vancouver, BC — March 2015 - June 2018

Developed advanced algorithms for analyzing construction data, contributing to a 15% reduction in project timelines.
Implemented data pipelines and ML models in a cloud computing environment, primarily using Azure and AWS.
Employed data visualization tools such as Power BI and Tableau to communicate complex analytical findings to stakeholders.
Stayed abreast of industry trends and advancements in data science, regularly sharing knowledge and best practices with colleagues.
Data Analyst
GreenBuild Consultants, Montreal, QC — January 2013 - February 2015

Analyzed large datasets using SQL and Python to provide insights for sustainable construction practices.
Designed and deployed machine learning models to predict material requirements and waste reduction opportunities.
Worked closely with project managers to integrate data-driven approaches into planning and execution phases.
Contributed to the development of a company-wide data governance framework, ensuring data integrity and accessibility.
Junior Data Analyst
TechInnovate Solutions, Ottawa, ON — September 2010 - December 2012

Assisted in the creation of data models and analytics for construction projects, focusing on efficiency and sustainability.
Supported the implementation of machine learning techniques for predictive analysis, enhancing project accuracy.
Participated in the development and maintenance of databases, gaining hands-on experience with PostgreSQL and MongoDB.
Engaged in continuous learning initiatives, including workshops and online courses on data science and machine learning.",Director of Programmatic & Ad Ops
Monty Python,"Ottawa, Canada","Intelligence analysis, data interpretation, analytical solution integration, User Acceptance Testing (UAT) development, change management implementation, training program development, software product demonstration, cross-functional collaboration, operational partnership building, contemporary analytical tool proficiency, communication and presentation skills, Canadian Secret Security clearance, bilingualism (French/English)",14 years,Bachelor's in International Relations,"Senior Intelligence Analyst
National Defence Agency, Ottawa, ON — June 2017 - Present

Spearheaded the integration of contemporary analytical solutions into intelligence operations, enhancing data-driven decision-making.
Developed and conducted User Acceptance Testing for new intelligence software, ensuring alignment with operational requirements.
Led change management initiatives, implementing tailored workflows that optimized the use of data for intelligence purposes.
Facilitated training programs for analysts, improving their proficiency in intelligence analysis and the use of advanced analytical tools.
Intelligence Officer
Public Safety Canada, Toronto, ON — March 2013 - May 2017

Collaborated with cross-functional teams to identify and assess relevant sources of data and intelligence for national security.
Presented product demonstrations to stakeholders, showcasing the capabilities of intelligence software and tools.
Provided individualized assistance to users, fostering their development and growth in utilizing intelligence analysis platforms.
Contributed to the development of intelligence capabilities, working closely with software engineering and product design teams.
Intelligence Analyst
Law Enforcement Agency, Vancouver, BC — January 2010 - February 2013

Conducted in-depth analysis of intelligence data, supporting operational success in public safety and law enforcement missions.
Built strong partnerships with internal and external collaborators, understanding their critical demands and challenges.
Participated in the development and delivery of training programs related to intelligence analysis, enhancing team competencies.
Engaged in continuous learning and skill development, embracing new technologies and methodologies in intelligence analysis.","Product Manager, Intelligence"
Brad Pitt,"Bangalore, India","Fluency in Korean and English, brand management expertise, understanding of apparel industry trends, client relationship management, cross-cultural communication, negotiation and persuasion skills, strategic planning and execution, data analysis and reporting, project management, marketing and promotional strategies, inventory and supply chain management, e-commerce platform proficiency, problem-solving and decision-making",20 years,Master's Degree in Business Administration,"Senior Operations Manager
TechSolutions Global, Bangalore, India — June 2016 - Present

Managed a team of 250+ employees across various departments including software delivery, quality assurance, and IT support.
Collaborated with the Global Delivery Director to set objectives and implement strategic plans.
Oversaw the successful delivery of client projects, ensuring adherence to time, cost, and quality standards.
Led talent management initiatives, resulting in a 20% increase in employee retention and the development of key future leaders.
Operations Manager
InnovateIT Solutions, Hyderabad, India — March 2011 - May 2016

Directed operations for a development center with 200 employees, focusing on software development and client engagement.
Coordinated with global support function heads to align policies and manage local implementation plans.
Implemented resource management strategies, optimizing resource allocation and bench management.
Enhanced employee engagement through effective communication and recognition programs.
Project Manager
DevTech Services, Pune, India — January 2008 - February 2011

Led cross-functional teams in the delivery of software development projects, ensuring timely and quality outcomes.
Managed client relationships, acting as a point of escalation for operational and delivery issues.
Supported bid management and client engagement efforts, contributing to the growth of the development center.
Team Lead, Software Development
CodeCrafters, Chennai, India — July 2004 - December 2007

Supervised a team of software developers, overseeing project delivery and technical competencies.
Collaborated with the quality assurance team to ensure adherence to best practices and standards.
Assisted in talent acquisition and training, nurturing a skilled and motivated workforce.","Apparel Brand Success Manager, Korean-speaking"
Lyndon Guy,"Toronto, Canada","Technical support and troubleshooting, helpdesk ticketing system management, IT documentation and knowledge base development, software and hardware installation and configuration, network support and maintenance, Active Directory management, user training and education, communication and interpersonal skills, problem-solving and analytical skills, time management and prioritization",8 years,Bachelor's Degree in Information Technology,"IT Helpdesk Administrator
InnovateTech Solutions, Toronto, ON — January 2020 - Present

Managed IT helpdesk operations, supporting 400+ users across multiple locations, ensuring timely resolution of technical issues.
Implemented a ticketing system to streamline request tracking and improve response times.
Developed and maintained IT documentation, including user guides and knowledge base articles, enhancing self-service capabilities.
Collaborated with cross-functional teams to align IT support with organizational goals and user needs.
IT Support Specialist
TechSavvy Corp, Vancouver, BC — July 2016 - December 2019

Provided first and second-level support for software, hardware, and network issues, maintaining high customer satisfaction levels.
Assisted in the deployment and maintenance of IT infrastructure, including servers, workstations, and network devices.
Conducted regular training sessions for staff on IT best practices and security awareness.
Contributed to the development of IT policies and procedures to ensure compliance with industry standards.",IT Helpdesk Administrator
,,,12 years,Master's Degree in Business Administration,"Director of Retail Operations
LingerieCo, Toronto, ON — January 2019 - Present

Oversaw the operations of 50+ retail stores nationwide, driving sales growth and enhancing customer experience.
Implemented innovative retail strategies, including omnichannel integration and personalized shopping experiences, resulting in a 20% increase in sales.
Led the expansion of the retail network, opening 10 new stores in key markets and optimizing the performance of existing locations.
Developed and executed training programs for store managers and staff, improving operational efficiency and customer service standards.
Regional Manager
Underwear Unlimited, Vancouver, BC — May 2015 - December 2018

Managed operations for 20 retail stores in Western Canada, consistently exceeding sales targets and operational KPIs.
Collaborated with the marketing team to execute successful promotional campaigns and in-store events, boosting foot traffic and customer engagement.
Oversaw store renovations and layout redesigns, enhancing the shopping environment and optimizing product displays.
Implemented inventory management systems to reduce stockouts and overstock, improving product availability and turnover.
Store Manager
Chic Intimates, Montreal, QC — August 2012 - April 2015

Led a high-performing team in a flagship store, achieving top sales performance and customer satisfaction ratings.
Developed and executed sales strategies, including upselling and cross-selling techniques, resulting in a 15% increase in average transaction value.
Managed store operations, including staffing, inventory control, and visual merchandising, ensuring compliance with company standards and policies.
Fostered a positive work environment, mentoring staff and promoting professional development opportunities.",Vice President & General Manager of Knix Retail
